Channel,MAE,MSE,RMSE,MAPE,MSPE
Channel_0,170.6229572763281,45027.297897008924,212.19636636146464,0.044864282903960925,0.003179237344669906
Channel_1,86.29458476776489,11733.524383908705,108.32139393447956,0.047416978023725714,0.0034522915627667352
Channel_2,36.67587412292121,2044.0855692337693,45.21156455193482,0.08572338439924528,0.011582231549117828
