MAE,MSE,RMSE,MAPE,MSPE
97.86447205567188,19601.635950050604,140.00584255683975,0.05933488177564406,0.0060712534855181435
