Channel,MAE,MSE,RMSE,MAPE,MSPE
Channel_0,0.094165586,0.013386666,0.11570076,0.16198416,0.05206263
Channel_1,0.5735016,0.5264998,0.72560304,1.0086035,13.105207
Channel_2,0.4321509,0.31256336,0.5590737,0.41807505,0.3651048
Channel_3,0.4568257,0.3177963,0.56373423,0.14541824,0.03148715
Channel_4,0.56173664,0.5403337,0.7350739,0.97838956,4.281702
