MAE,MSE,RMSE,MAPE,MSPE
0.42367545,0.34212178,0.58491176,0.5424954,3.567431
