Channel,MAE,MSE,RMSE,MAPE,MSPE
Channel_0,41.416438063471006,2593.8837135648246,50.93018469988917,0.10714452863490655,0.018243124625111476
Channel_1,35.143429225617396,1854.0503616501915,43.05868508965632,0.08567268432315006,0.010389021221232819
Channel_2,153.96048841051336,40858.2059360266,202.13412857809686,0.035651561908256,0.0020881707122446854
Channel_3,109.11274006544096,19530.47775401188,139.75148569518637,0.06645222206127914,0.006804713767787085
Channel_4,1.2424264939055638,2.6919262177148067,1.6407090594358302,0.01261951561307894,0.00027232955490579696
Channel_5,0.3640955129416703,0.21286774545630177,0.4613759263944119,0.009946745573242422,0.0001600154161249995
