MAE,MSE,RMSE,MAPE,MSPE
56.87326962864789,10806.587093202761,103.9547357901638,0.05291454301898568,0.006326229216234488
