Channel,MAE,MSE,RMSE,MAPE,MSPE
Channel_0,0.24009753133054976,0.13260169218991516,0.3641451526382236,0.0030946542030337674,2.2288417744949307e-05
Channel_1,47.28965098626177,3379.451422288825,58.13304931180563,0.13650816911669716,0.030331507468679565
Channel_2,67.79339396456517,7474.85416701125,86.45723895088976,0.045544175543303894,0.00346417350175196
Channel_3,189.013815385736,49286.16037555492,222.00486565738805,0.04817810639458688,0.0032757467383147305
Channel_4,0.851534901815836,1.0881518926005707,1.0431451924830841,0.0264713562892093,0.0010393334295946128
