MAE,MSE,RMSE,MAPE,MSPE
61.037698553941865,12028.337343687868,109.67377691904235,0.05195929230936632,0.007626609911217208
