MAE,MSE,RMSE,MAPE,MSPE
35.8497675274612,4103.272583332172,64.05679185950676,0.07436395006137904,0.010919324524130906
