Channel,MAE,MSE,RMSE,MAPE,MSPE
Channel_0,1.0032886769826408,1.9856305273355603,1.4091240283720807,0.045553258944424344,0.004137996038974876
Channel_1,21.640347474935695,746.218212937619,27.31699494705849,0.06348270005086515,0.006242007547158826
Channel_2,42.1186643292361,2783.5967892482954,52.75980277870924,0.08835017797391287,0.012168154587507533
Channel_3,104.78403384813092,17689.97247188817,133.0036558591085,0.05380686040767916,0.004670831677674521
Channel_4,69.67845299573132,9573.058366116433,97.84200716520708,0.15004828743921456,0.039735015310811236
Channel_5,34.78768159608462,1835.6078051690888,42.84399380507248,0.07447698493842966,0.008268662462018779
Channel_6,3.0489999113149393,14.899571111992588,3.859996258028314,0.05286122718849736,0.004562649432429423
Channel_7,9.736671387273207,180.8418196585295,13.447744036028105,0.06633210354800867,0.007569279136472018
