Channel,MAE,MSE,RMSE,MAPE,MSPE
Channel_0,0.78715473,1.3620375,1.1670636,1.3732822,45.329224
Channel_1,0.5804449,0.68451107,0.82735187,2.8256807,150.42365
Channel_2,0.56857574,0.55078226,0.7421471,0.19143933,0.068961896
