MAE,MSE,RMSE,MAPE,MSPE
0.64539236,0.8657835,0.9304749,1.4634736,65.28918
