Channel,MAE,MSE,RMSE,MAPE,MSPE
Channel_0,100.32303672743302,18047.7624047121,134.34196069996932,0.022040613609779526,0.0008426104866196935
Channel_1,53.73655374304041,4119.234645775339,64.181263977701,0.14273334794269685,0.032173143164746884
Channel_2,91.15545013784,13644.93622302041,116.81154148037089,0.05034945878895974,0.003981038726919434
