MAE,MSE,RMSE,MAPE,MSPE
81.73834686943842,11937.311091169331,109.2580024124976,0.07170780678047874,0.01233226412609541
