Channel,MAE,MSE,RMSE,MAPE,MSPE
Channel_0,0.34782484,0.23206846,0.48173484,0.14970972,0.041974794
Channel_1,0.22719698,0.08607528,0.2933859,0.64167684,55.12917
Channel_2,0.37512478,0.23735814,0.48719415,0.922292,22.184572
