MAE,MSE,RMSE,MAPE,MSPE
0.31671715,0.1851736,0.43031803,0.57122463,25.796455
