MAE,MSE,RMSE,MAPE,MSPE
20.766446319984826,973.3591165210189,31.198703763474196,0.03530849538099264,0.0026836611785985066
