Channel,MAE,MSE,RMSE,MAPE,MSPE
Channel_0,32.485662685774535,1727.1551691177074,41.559056403119975,0.02924790372917564,0.001368850259282774
Channel_1,2.3652323090114806,14.77453931118272,3.843766292477044,0.016061804872500713,0.0007445341665679476
Channel_2,27.448443965168774,1178.147641134184,34.32415535937023,0.06061577754130165,0.005937599109944716
