Channel,MAE,MSE,RMSE,MAPE,MSPE
Channel_0,0.5916156,0.5634925,0.7506614,1.6440727,53.984863
Channel_1,0.5480123,0.48955208,0.69968,0.13306342,0.026515212
