MAE,MSE,RMSE,MAPE,MSPE
0.56981325,0.5265336,0.72562635,0.8885724,27.010397
