MAE,MSE,RMSE,MAPE,MSPE
0.8341902,1.156769,1.075532,2.1944528,103.22572
