Channel,MAE,MSE,RMSE,MAPE,MSPE
Channel_0,0.50999105,0.44899294,0.67006934,3.7839754,309.6374
Channel_1,1.1720066,1.8973969,1.3774604,2.7838979,22.928595
Channel_2,0.5640415,0.48524207,0.69659317,0.19587822,0.08141502
Channel_3,1.0907199,1.7953912,1.3399221,2.014037,80.205414
