MAE,MSE,RMSE,MAPE,MSPE
0.60250086,1.0655328,1.0322465,1.1277208,241.33589
