Channel,MAE,MSE,RMSE,MAPE,MSPE
Channel_0,0.32970053,0.21083874,0.4591718,0.14343044,0.039999895
Channel_1,0.5048817,0.58247215,0.7631986,2.9704363,1181.6433
Channel_2,0.4828378,0.55346566,0.74395275,0.8219977,1.0076827
Channel_3,1.6035047,3.9679248,1.991965,1.581912,23.693747
Channel_4,0.091571696,0.012835927,0.11329575,0.120824605,0.022229414
