Channel,MAE,MSE,RMSE,MAPE,MSPE
Channel_0,19.1522845573801,571.2458461713696,23.90074990813823,0.11732241471196996,0.020384750366962894
Channel_1,24.124590306984807,5038.107898762851,70.97963016783653,0.03772017451879731,0.005591135487497583
Channel_2,1.5689803093973724,5.870422801798966,2.422895540835173,0.010552643823753883,0.00028622427911438906
Channel_3,30.38256770339494,1476.8818841404184,38.430220974389655,0.06641791416890941,0.007471720111656704
