MAE,MSE,RMSE,MAPE,MSPE
18.807105719289325,1773.0265129691084,42.10732137015021,0.058003286805857576,0.008433457561307934
