MAE,MSE,RMSE,MAPE,MSPE
67.03439754074549,7718.097892081238,87.85270566169967,0.050192926108146664,0.004491189057896441
