Channel,MAE,MSE,RMSE,MAPE,MSPE
Channel_0,31.72880292944843,1428.9680069215194,37.80169317532641,0.07725577835123368,0.008559941137851313
Channel_1,90.92865692461697,11936.142738352668,109.25265552082782,0.05591870539015404,0.00442549783908702
Channel_2,78.44573276817114,9789.18293096964,98.94029983262452,0.01740429458305338,0.0004881281967510178
