Channel,MAE,MSE,RMSE,MAPE,MSPE
Channel_0,73.50660608854542,7993.386705819997,89.40574201817239,0.05297491535095427,0.004166374272742377
Channel_1,49.04971413643843,3454.932615807806,58.778674838820635,0.11392726786511023,0.020319943002613024
Channel_2,0.4424716895685393,0.24452500516112288,0.49449469679777447,0.010639854006274629,0.00014214504268705467
Channel_3,0.2755735380002852,0.11729457245166927,0.34248295205990803,0.002504261548507896,9.679213044157955e-06
Channel_4,32.4806105140371,1627.5636454189262,40.34307431789162,0.05940493695616919,0.005329368999924307
