MAE,MSE,RMSE,MAPE,MSPE
31.15099519331807,2615.2489573248768,51.13950485998937,0.04789024714540315,0.005993502106202152
