MAE,MSE,RMSE,MAPE,MSPE
130.3914096415302,36002.659256301115,189.74366723635632,0.09200879550951449,0.024029099139264702
