Channel,MAE,MSE,RMSE,MAPE,MSPE
Channel_0,80.05266839043976,10561.092878627294,102.76717802210634,0.17885401917435478,0.06434687642583183
Channel_1,91.60020215668169,13460.970761361208,116.02142371717909,0.05433725533442257,0.004566794784049976
Channel_2,219.52135837747062,83985.91412891423,289.8032334687007,0.042835112019766204,0.003173626207912418
