Channel,MAE,MSE,RMSE,MAPE,MSPE
Channel_0,76.0346637875783,8793.589814873103,93.7741425707167,0.04413830798174601,0.0029058498838465353
Channel_1,0.9466366396398258,1.6289971875344167,1.2763217413859316,0.00998136357578943,0.00017797113257067107
Channel_2,103.64243005010084,16713.152019942205,129.27935651117005,0.02296057904508595,0.0008076574949051606
Channel_3,37.78048186493433,2098.6159781000993,45.81065354369112,0.11479989978712841,0.020609088726605693
