MAE,MSE,RMSE,MAPE,MSPE
54.60105308556329,6901.746702525723,83.07675187756033,0.04797003759743742,0.0061251418094820514
