Channel,MAE,MSE,RMSE,MAPE,MSPE
Channel_0,372.031573788426,204475.39479838984,452.1895562685961,0.21849868404525286,0.07241339576356184
Channel_1,504.2675270041529,338794.3288627948,582.060416849312,0.12688712112219425,0.020755270654283252
Channel_2,181.4431143487435,49768.7538015016,223.08911627755757,0.37934591024255043,0.2187107027149579
