MAE,MSE,RMSE,MAPE,MSPE
352.58073838044027,197679.49248756314,444.61161982967013,0.2415772384699992,0.10395978971093468
