Channel,MAE,MSE,RMSE,MAPE,MSPE
Channel_0,103.87506739712524,16103.432925982452,126.89930230691756,0.05647638636279392,0.004587413341648967
Channel_1,138.23084293634463,30594.342588296608,174.9123854628271,0.030586662248206345,0.0015537538359507727
