MAE,MSE,RMSE,MAPE,MSPE
121.0529551667339,23348.887757139437,152.8034284862072,0.04353152430550026,0.0030705835887998483
