Channel,MAE,MSE,RMSE,MAPE,MSPE
Channel_0,0.8736488,1.1623751,1.078135,3.5568523,188.88527
Channel_1,0.76954657,2.284604,1.5114907,4.2687383,242.29977
Channel_2,0.2258147,0.10273351,0.32052067,0.508811,3.4488227
Channel_3,1.1746306,2.2919343,1.5139135,2.3303146,315.6329
