MAE,MSE,RMSE,MAPE,MSPE
0.7609128,1.4604391,1.2084863,2.6661923,187.58272
