MAE,MSE,RMSE,MAPE,MSPE
0.6014992,0.7079943,0.841424,0.74556583,59.356762
