Channel,MAE,MSE,RMSE,MAPE,MSPE
Channel_0,0.34850094,0.20091061,0.44823053,0.3095983,0.18891346
Channel_1,1.070432,1.8065883,1.3440938,1.7971951,294.6603
Channel_2,0.76180387,0.95658547,0.9780519,0.9689606,1.4194655
Channel_3,0.3428612,0.15793127,0.39740568,0.533721,0.38893774
Channel_4,0.4838917,0.4178625,0.64642286,0.1183246,0.034310672
