MAE,MSE,RMSE,MAPE,MSPE
30.77995201140402,3030.7459119202153,55.05221078140473,0.06610881629487189,0.010839419050059881
