Channel,MAE,MSE,RMSE,MAPE,MSPE
Channel_0,36.2236625874615,1826.6669537482271,42.73952449136779,0.14882701169363027,0.032216744757328365
Channel_1,89.40365177053184,12190.615445037323,110.41112011494731,0.10131008261478916,0.01653375712882209
Channel_2,0.520624269093356,0.49680279547243333,0.7048423905189254,0.019092062355897353,0.0006456124161419986
Channel_3,0.5432990564817654,0.34167824737316205,0.5845325032649271,0.006615904464601742,5.078318065289038e-05
Channel_4,27.208522373452784,1135.6086797725482,33.69879344683646,0.05469902034544236,0.004750197767354076
