Channel,MAE,MSE,RMSE,MAPE,MSPE
Channel_0,0.4771545,0.47337154,0.68802,0.15343301,0.049151827
Channel_1,0.26267853,0.11380613,0.33735165,0.21000607,0.10584675
Channel_2,0.5770639,0.5153807,0.7179002,3.8735948,933.2399
