MAE,MSE,RMSE,MAPE,MSPE
0.4389657,0.36753118,0.6062435,1.4123422,311.20163
