Channel,MAE,MSE,RMSE,MAPE,MSPE
Channel_0,0.67620647,0.84953743,0.9217036,0.08731395,0.012690645
Channel_1,0.44178522,0.31333166,0.5597604,0.5149894,0.6122253
Channel_2,0.5748217,0.5293328,0.7275526,2.5437608,45.135014
