MAE,MSE,RMSE,MAPE,MSPE
0.56427115,0.56407976,0.75105244,1.0486885,15.254857
