Channel,MAE,MSE,RMSE,MAPE,MSPE
Channel_0,0.6099616,0.6253862,0.7908136,1.2817118,24.16721
Channel_1,0.8419802,1.0526398,1.0259824,65.302765,1148976.0
Channel_2,0.5311222,0.5677346,0.7534816,0.3333597,1.3570875
Channel_3,0.6154375,0.58456296,0.7645672,3.3453236,149.29659
Channel_4,0.2738244,0.16871908,0.4107543,1.408195,3.9164915
Channel_5,0.50459784,0.4948389,0.7034479,0.9896729,3.4691937
