MAE,MSE,RMSE,MAPE,MSPE
0.5628236,0.5823245,0.7631019,12.110185,191529.34
