Channel,MAE,MSE,RMSE,MAPE,MSPE
Channel_0,179.64164590923534,59677.01971328617,244.28880390489894,0.0534920618187471,0.005358094019209904
Channel_1,90.06759536735196,11777.770872055304,108.52543882452309,0.07176048376710537,0.007149038565968382
Channel_2,1.74550405255851,7.82225586625958,2.796829609800994,0.00463225881707561,5.690520380592729e-05
