MAE,MSE,RMSE,MAPE,MSPE
90.48491510971567,23820.870947069314,154.34011451035443,0.043294934800976084,0.004188012596328077
