Channel,MAE,MSE,RMSE,MAPE,MSPE
Channel_0,0.65648925,0.6424781,0.80154735,2.9660277,176.83638
Channel_1,0.27765313,0.1278091,0.357504,0.09067099,0.01357366
Channel_2,0.2977028,0.14588682,0.38195133,1.8763018,16.74714
Channel_3,1.2209828,2.4485397,1.5647811,4.386446,40.720142
