MAE,MSE,RMSE,MAPE,MSPE
0.6132089,0.84119457,0.9171666,2.329858,58.58913
