Channel,MAE,MSE,RMSE,MAPE,MSPE
Channel_0,86.0412751360408,12397.597211057764,111.34449789306055,0.029475670650298557,0.0014590604485664033
Channel_1,190.6263775328253,49666.49498640983,222.85981016416986,0.09262665123772673,0.011722732635970824
Channel_2,52.4699957560614,4090.6435113049642,63.958138741718905,0.10464345516505283,0.016892110758868623
Channel_3,126.52348627533372,29104.65094736288,170.60085271581406,0.02395146330989233,0.0010036147401000597
