MAE,MSE,RMSE,MAPE,MSPE
113.91528367506537,23814.846664033863,154.3205970181358,0.0626743100907425,0.007769379645876457
