Channel,MAE,MSE,RMSE,MAPE,MSPE
Channel_0,103.50776245803013,19031.012285907032,137.9529350391177,0.02566878825539289,0.0011416027967108538
Channel_1,41.58030422250357,3611.211128936731,60.093353450583294,0.04672823836653,0.00424069813520747
Channel_2,0.5077201640309384,0.4159147795776788,0.6449145521522047,0.014097471926072821,0.0003171598034672431
Channel_3,73.92844423241166,7443.698119693429,86.27686897247389,0.24753784887931768,0.08554576917878445
Channel_4,0.06150235012569915,0.00935278581320765,0.09670980205339917,0.0006216910951941653,9.628187756444868e-07
