MAE,MSE,RMSE,MAPE,MSPE
43.91714668542057,6017.269360420501,77.57106007023819,0.06693080770450137,0.018249238546589077
