Channel,MAE,MSE,RMSE,MAPE,MSPE
Channel_0,118.30238773874348,21605.968937916463,146.98968990346384,0.025983477211534833,0.0010430237239302735
Channel_1,90.9853937171036,18255.740462434536,135.11380559526305,0.08255754416853908,0.013166992468241287
Channel_2,0.28136367201512075,0.12845612077617727,0.35840775769530614,0.0067492609762278884,7.441056716671976e-05
Channel_3,31.322365832519033,2287.651889623895,47.82940402747974,0.07310803303039216,0.010576825811707971
Channel_4,1.0746898126938256,2.0478022552007245,1.4310144147424666,0.009734990456715038,0.00016541705423227083
