MAE,MSE,RMSE,MAPE,MSPE
48.39324015461481,8430.307509670138,91.81670604890016,0.039626661168681875,0.0050053339250557055
