Channel,MAE,MSE,RMSE,MAPE,MSPE
Channel_0,0.6074577,0.5686271,0.7540737,0.3421064,20.395014
Channel_1,0.31045392,0.16252592,0.40314505,0.15983857,0.04091706
Channel_2,0.37873968,0.2332261,0.4829349,3.3736796,29.601948
Channel_3,0.41906062,0.27574354,0.52511287,0.42068553,0.33707783
Channel_4,0.0018099367,5.829523e-06,0.0024144405,0.002992324,1.593361e-05
