MAE,MSE,RMSE,MAPE,MSPE
0.34350547,0.2480299,0.498026,0.85986495,10.076731
