Channel,MAE,MSE,RMSE,MAPE,MSPE
Channel_0,0.20171557,0.062533535,0.25006706,0.2620657,1.3589928
Channel_1,0.30992785,0.20515838,0.45294413,0.6245504,36.87931
Channel_2,0.40017205,0.29492864,0.54307336,96.90809,4878395.0
Channel_3,0.70727015,1.5385327,1.240376,0.6223593,34.03193
