MAE,MSE,RMSE,MAPE,MSPE
0.40477094,0.52529985,0.72477573,24.622253,1219621.8
