MAE,MSE,RMSE,MAPE,MSPE
0.448216,0.36897898,0.6074364,2.0300725,34.668545
