Channel,MAE,MSE,RMSE,MAPE,MSPE
Channel_0,0.7415804,0.83981067,0.9164118,2.6357462,38.27369
Channel_1,0.38575664,0.22540061,0.47476375,1.9238567,61.232548
Channel_2,0.36058038,0.2064534,0.45437142,4.7638006,65.272964
Channel_3,0.17239478,0.04250554,0.20616871,0.29072672,0.13068311
Channel_4,0.58076227,0.5306891,0.72848415,0.5362498,8.421621
