Channel,MAE,MSE,RMSE,MAPE,MSPE
Channel_0,0.74305755,0.83725554,0.9150167,2.499012,107.82614
Channel_1,0.2697734,0.10494865,0.3239578,0.25943795,0.12491486
Channel_2,0.50944537,0.80302346,0.8961158,0.2808574,0.14200643
