MAE,MSE,RMSE,MAPE,MSPE
0.5074246,0.58175385,0.7627279,1.0130963,36.031757
