MAE,MSE,RMSE,MAPE,MSPE
47.44570363452198,5250.503148603464,72.46035570298744,0.05151218869150704,0.010316557103308015
