Channel,MAE,MSE,RMSE,MAPE,MSPE
Channel_0,49.26988120231769,4388.71852344487,66.24740389966138,0.12624543819296175,0.03398225649680326
Channel_1,64.71731216509993,6275.240842187838,79.21641775659789,0.011718518011357926,0.00020393079895126876
Channel_2,75.30817148499197,10337.125186689245,101.6716538012894,0.06383333530205589,0.007011771523497933
Channel_3,0.4874496856792144,0.9280420919469231,0.9633494132177188,0.004251463259652348,6.826959397956212e-05
