MAE,MSE,RMSE,MAPE,MSPE
0.40070683,0.3376439,0.5810713,2.0048995,445.15622
