Channel,MAE,MSE,RMSE,MAPE,MSPE
Channel_0,0.9028627,1.3149259,1.1467022,0.5127622,0.56360376
Channel_1,0.1436081,0.06752302,0.2598519,0.55321926,21.49366
Channel_2,0.30771488,0.1531485,0.39134192,1.1360793,13.348429
