MAE,MSE,RMSE,MAPE,MSPE
0.45139566,0.51187295,0.71545297,0.7340214,11.8034725
