Channel,MAE,MSE,RMSE,MAPE,MSPE
Channel_0,0.5735349,0.52224743,0.7226669,10.528265,3173.139
Channel_1,0.5597171,0.5595078,0.7480025,0.4026065,0.30699328
Channel_2,0.27544203,0.21492288,0.46359774,14.550925,85355.766
