MAE,MSE,RMSE,MAPE,MSPE
0.4695642,0.4322345,0.65744543,8.493987,29510.42
